id	unit	p5_barcode
Gf_QB12P2_03	1	ATCACG
Gf_QB12P2_07	1	CGATGTGAC
Gf_QB12P2_10	1	TTAGGCAC
Gf_QB12P2_11	1	TGACCAC
Gf_QB12P2_12	1	ACAGTGAC
Gf_QB12P3_08	1	GCCAAT
Gf_QB12P3_09	1	CAGATC
Gf_QB12P3_10	1	ACTTGAGAC
Gf_QB12P3_11	1	GATCAGGAC
Gf_QB12P3_12	1	TAGCTTAC
Gf_QB12P4_01	1	GGCTACC
Gf_QB12P4_02	1	CTTGTAGAC
Gf_QB12P4_03	1	AGTCAAC
Gf_QB12P4_04	1	AGTTCC
Gf_QB12P4_06	1	ATGTCAGAC
Gf_QB17P1_05	1	CCGTCCAC
Gf_QB17P1_07	1	GTCCGCAC
Gf_QB17P1_08	1	GTGAAAC
Gf_QB17P1_10	1	GTGGCCGAC
Gf_QB17P1_11	1	GTTTCG
Gf_QB17P2_03	1	CGTACG
Gf_QB17P2_04	1	GAGTGGAC
Gf_VR6P3_02	1	ACTGATC
Gf_VR6P3_06	1	ATTCCTC
Gf_QB17P2_11	2	ATCACG
Gf_QB17P3_02	2	CGATGTGAC
Gf_QB17P3_05	2	TTAGGCAC
Gf_QB17P3_06	2	TGACCAC
Gf_QB17P3_07	2	ACAGTGAC
Gf_QB17P3_08	2	GCCAAT
Gf_VR6P0_01	2	CAGATC
Gf_VR6P0_03	2	ACTTGAGAC
Gf_VR6P0_06	2	GATCAGGAC
Gf_VR6P0_07	2	TAGCTTAC
Gf_VR6P0_12	2	GGCTACC
Gf_VR6P1_07	2	CTTGTAGAC
Gf_VR6P1_08	2	AGTCAAC
Gf_VR6P1_09	2	AGTTCC
Gf_VR6P1_10	2	ATGTCAGAC
Gf_VR6P1_11	2	CCGTCCAC
Gf_VR6P2_02	2	GTCCGCAC
Gf_VR6P2_04	2	GTGAAAC
Gf_VR6P2_06	2	GTGGCCGAC
Gf_VR6P2_11	2	GTTTCG
Gf_VR6P2_12	2	CGTACG
Gf_VR6P3_01	2	GAGTGGAC
Gf_QB17P2_05	2	ACTGATC
Gf_QB17P2_06	2	ATTCCTC
Gf_VR6P3_10	3	CGATGTGAC
Gf_VR6P4_05	3	TTAGGCAC
Gf_VR6P4_06	3	TGACCAC
Gf_VR6P4_07	3	ACAGTGAC
Gf_VR6P4_08	3	GCCAAT
Gf_VR11P1_08	3	ACTTGAGAC
Gf_VR11P1_11	3	GGCTACC
Gf_VR11P2_04	3	AGTCAAC
Gf_VR11P2_05	3	AGTTCC
Gf_VR11P2_06	3	ATGTCAGAC
Gf_VR11P2_07	3	CCGTCCAC
Gf_VR11P2_09	3	GTCCGCAC
Gf_VR11P3_04	3	GTGAAAC
Gf_VR11P3_05	3	GTGGCCGAC
Gf_VR11P3_07	3	CGTACG
Gf_VR11P4_03	3	ACTGATC
Gf_VR11P4_04	3	ATTCCTC
Gf_VR11P4_05	4	ATCACG
Gf_VR11P4_06	4	CGATGTGAC
Gf_VR11P4_07	4	TTAGGCAC
Gf_VR12N1_02	4	TGACCAC
Gf_VR12N1_03	4	ACAGTGAC
Gf_VR12N1_04	4	GCCAAT
Gf_VR12N1_05	4	CAGATC
Gf_VR12N1_09	4	ACTTGAGAC
Gf_VR12P1_02	4	GATCAGGAC
Gf_VR12P1_03	4	TAGCTTAC
Gf_VR12P1_04	4	GGCTACC
Gf_VR12P1_05	4	CTTGTAGAC
Gf_VR12P1_09	4	AGTCAAC
Gf_VR12P2_05	4	AGTTCC
Gf_VR12P2_07	4	ATGTCAGAC
Gf_VR12P2_08	4	CCGTCCAC
Gf_VR12P2_09	4	GTCCGCAC
Gf_VR12P2_10	4	GTGAAAC
Gf_VR12P3_01	4	GTGGCCGAC
Gf_VR12P3_02	4	GTTTCG
Gf_VR12P3_03	4	CGTACG
Gf_VR12P3_04	4	GAGTGGAC
Gf_VR12P3_05	4	ACTGATC
Gf_VR17P0_01	4	ATTCCTC
Gf_VR17P3_05	5	ATCACG
Gf_VR23P1_02	5	CGATGTGAC
Gf_VR23P2_06	5	TTAGGCAC
Gf_VR23P3_01	5	TGACCAC
Gf_VR23N1_04	5	ACAGTGAC
Gf_QB22P1_04	5	GCCAAT
Gf_QB22P3_04	5	CAGATC
Gf_QB22P3_07	5	ACTTGAGAC
Gf_QB22P4_12	5	GATCAGGAC
Gf_QB22N1_10	5	TAGCTTAC
Gf_QB23P2_11	5	GGCTACC
Gf_QB23P3_03	5	CTTGTAGAC
Gf_QB23P4_04	5	AGTCAAC
Gf_QB24P1_03	5	AGTTCC
Gf_QB24P2_02	5	ATGTCAGAC
Gf_QB24P2_04	5	CCGTCCAC
Gf_QB24P3_07	6	GTCCGCAC
Gf_QB27P0_06	6	GTGAAAC
Gf_QB27P2_05	6	GTGGCCGAC
Gf_QB27P3_01	6	GTTTCG
Gf_QB27P4_03	6	CGTACG
Gf_VR11P3_10	6	GAGTGGAC
Gf_VR17P1_03	6	ACTGATC
Gf_VR17P2_07	6	ATTCCTC
Gf_VR17P3_07	6	ATCACG
Gf_VR23P1_03	6	CGATGTGAC
Gf_VR23P2_08	6	TTAGGCAC
Gf_VR23N1_05	6	TGACCAC
Gf_QB22P1_05	6	ACAGTGAC
Gf_QB22P2_09	6	GCCAAT
Gf_QB22P3_06	6	CAGATC
Gf_QB22P4_02	6	ACTTGAGAC
Gf_QB22N1_01	7	GATCAGGAC
Gf_QB23P2_02	7	TAGCTTAC
Gf_QB23P3_02	7	GGCTACC
Gf_QB23P3_04	7	CTTGTAGAC
Gf_QB23P4_05	7	AGTCAAC
Gf_QB24P1_04	7	AGTTCC
Gf_QB24P2_03	7	ATGTCAGAC
Gf_QB24P2_12	7	CCGTCCAC
Gf_QB24P3_08	7	GTCCGCAC
Gf_QB24P4_07	7	GTGAAAC
Gf_QB27P2_09	7	GTGGCCGAC
Gf_QB27P3_03	7	GTTTCG
Gf_QB27P4_02	7	CGTACG
Gf_VR17P2_08	7	GAGTGGAC
Gf_VR17P3_09	7	ACTGATC
Gf_VR23P1_10	7	ATTCCTC
Gf_QB22P2_03	7	ATCACG
Gf_VR23P2_09	8	ATCACG
Gf_VR23P3_08	8	CGATGTGAC
Gf_QB22P1_06	8	TTAGGCAC
Gf_QB22N1_02	8	TGACCAC
Gf_QB23P3_09	8	ACAGTGAC
Gf_QB23P4_06	8	GCCAAT
Gf_QB24P1_05	8	CAGATC
Gf_QB24P3_01	8	ACTTGAGAC
Gf_QB24P4_03	8	GATCAGGAC
Gf_QB27P0_03	8	TAGCTTAC
Gf_QB27P1_08	8	GGCTACC
Gf_QB27P2_10	8	CTTGTAGAC
Gf_QB27P3_08	8	AGTCAAC
Gf_QB27P4_05	8	AGTTCC
Gf_VR17P1_06	8	ATGTCAGAC
Gf_VR17P2_09	8	CCGTCCAC
Gf_VR23P1_11	8	GTCCGCAC
Gf_QB22N1_04	9	ATCACG
Gf_QB23P2_06	9	CGATGTGAC
Gf_QB23P4_03	9	TTAGGCAC
Gf_QB24P1_02	9	TGACCAC
Gf_QB24P2_01	9	ACAGTGAC
Gf_QB24P3_06	9	GCCAAT
Gf_QB24P4_05	9	CAGATC
Gf_QB27P0_05	9	ACTTGAGAC
Gf_VR17P2_11	9	GTCCGCAC
Gf_VR17P3_12	9	GTGAAAC
Gf_VR23P1_12	9	GTGGCCGAC
Gf_VR23P2_11	9	GTTTCG
Gf_VR23P4_12	9	CGTACG
Gf_QB22P1_03	9	GAGTGGAC
Gf_QB22P2_04	9	ACTGATC
Gf_QB22P4_11	9	ATTCCTC
Gf_VR23P4_09	10	ATCACG
Gf_VR23N1_02	10	CGATGTGAC
Gf_QB27P4_04	10	TTAGGCAC
Gf_QB22P4_03	10	TGACCAC
Gf_QB24P3_05	10	GATCAGGAC
Gf_QB24P4_04	10	TAGCTTAC
Gf_QB27P0_04	10	GGCTACC
Gf_QB27P1_11	10	CTTGTAGAC
Gf_QB27P2_11	10	AGTCAAC
Gf_QB27P3_09	10	AGTTCC
Gf_VR6P3_12	10	ATGTCAGAC
Gf_VR17P1_10	10	CCGTCCAC
Gf_VR17P0_06	10	GTGGCCGAC
Gf_VR17P1_05	10	GTTTCG
Gf_VR17P0_07	10	CGTACG
Gf_VR17P3_10	10	GAGTGGAC
Gf_VR23P2_10	10	ACTGATC
Gf_QB27P1_12	10	ATTCCTC
Gf_QB22P3_02	11	CGATGTGAC
Gf_QB22P4_10	11	TTAGGCAC
Gf_QB22N1_03	11	TGACCAC
Gf_QB23P2_04	11	ACAGTGAC
Gf_QB23P3_10	11	GCCAAT
Gf_QB23P4_07	11	CAGATC
Gf_QB24P1_06	11	ACTTGAGAC
Gf_QB27P2_12	11	GATCAGGAC
Gf_QB27P3_10	11	TAGCTTAC
Gf_VR6P4_04	11	GGCTACC
Gf_VR11P3_11	11	CTTGTAGAC
Gf_VR17P2_06	11	AGTCAAC
Gf_QB24P4_06	11	AGTTCC
Gf_QB27P0_08	11	ATGTCAGAC
Gf_QB27P1_07	11	CCGTCCAC
Gf_QB22P3_03	12	ACAGTGAC
Gf_VR23N1_01	12	GCCAAT
Gf_QB22P2_12	12	CAGATC
Gf_QB22P1_02	12	ACTTGAGAC
Gf_VR17P0_04	12	GATCAGGAC
Gf_QB22P2_05	12	TAGCTTAC
Gf_QB27P1_05	12	GGCTACC
Gf_VR17P0_05	12	CTTGTAGAC
Gf_VR23P3_04	12	AGTCAAC
Gf_VR23P4_10	12	GTCCGCAC
Gf_QB23P2_03	12	GTGGCCGAC
Gf_VR23P3_10	12	GTTTCG
Gf_VR23P3_12	12	CGTACG
Gf_VR17P1_02	12	GAGTGGAC
Gf_VR23P4_04	12	ACTGATC
Gf_QB27P4_01	12	ATTCCTC
Gf_QB23P3_12	13	TCACG
Gf_QB23P2_01	13	CGATGTGAC
Gf_QB27P4_06	13	TTAGGCAC
Gf_VR11P1_01	13	TGACCAC
Gf_QB24P2_07	13	ACAGTGAC
Gf_QB27P0_01	13	GCCAAT
Gf_VR11P3_01	13	CAGATC
Gf_QB24P1_01	13	ACTTGAGAC
Gf_QB27P3_02	13	GATCAGGAC
Gf_VR6P3_11	13	TAGCTTAC
Gf_VR6P2_01	13	GGCTACC
Gf_VR11P4_08	13	CTTGTAGAC
Gf_QB23P4_08	13	AGTCAAC
Gf_QB27P1_02	13	AGTTCC
Gf_QB24P4_02	13	ATGTCAGAC
Gf_VR6P4_01	13	CCGTCCAC
Gf_VR11P2_08	13	GTCCGCAC
Gf_VR6P0_08	13	GTGAAAC
Gf_VR6P2_03	13	GTGGCCGAC
Gf_QB23P2_05	13	GTTTCG
Gf_QB27P3_05	13	CGTACG
Gf_VR11P2_10	13	GAGTGGAC
Gf_VR6P0_02	13	ACTGATC
Gf_QB24P2_09	13	ATTCCTC
Gf_QB24P4_10	14	ATCACG
Gf_QB24P1_07	14	CGATGTGAC
Gf_VR11P4_09	14	TTAGGCAC
Gf_QB27P4_10	14	TGACCAC
Gf_QB23P3_08	14	ACAGTGAC
Gf_QB27P0_09	14	GCCAAT
Gf_QB27P1_06	14	CAGATC
Gf_VR11P1_09	14	ACTTGAGAC
Gf_QB24P3_03	14	GATCAGGAC
Gf_VR6P1_01	14	TAGCTTAC
Gf_QB24P3_02	14	GGCTACC
Gf_QB27P2_01	14	CTTGTAGAC
Gf_VR11P3_03	14	AGTCAAC
Gf_QB27P2_03	14	AGTTCC
Gf_QB27P4_11	14	ATGTCAGAC
Gf_QB24P3_04	14	CCGTCCAC
Gf_VR11P2_11	14	GTCCGCAC
Gf_QB24P2_10	14	GTGAAAC
Gf_QB27P1_09	14	GTGGCCGAC
Gf_VR11P1_10	14	GTTTCG
Gf_QB24P1_09	14	CGTACG
Gf_VR11P4_10	14	GAGTGGAC
Gf_VR6P3_04	14	ACTGATC
Gf_QB27P0_12	14	ATTCCTC
Gf_VR6P1_02	15	ATCACG
Gf_VR11P3_02	15	CGATGTGAC
Gf_VR6P3_03	15	TTAGGCAC
Gf_QB23P4_09	15	TGACCAC
Gf_QB27P2_02	15	ACAGTGAC
Gf_VR6P4_02	15	GCCAAT
Gf_QB24P2_05	15	CAGATC
Gf_QB27P4_12	15	ACTTGAGAC
Gf_VR6P1_04	15	GATCAGGAC
Gf_VR11P4_11	15	TAGCTTAC
Gf_QB23P2_08	15	GGCTACC
Gf_QB24P3_09	15	CTTGTAGAC
Gf_VR6P2_08	15	AGTCAAC
Gf_VR11P2_12	15	AGTTCC
Gf_VR6P3_07	15	ATGTCAGAC
Gf_VR6P4_03	15	CCGTCCAC
Gf_VR6P0_10	15	GTCCGCAC
Gf_QB24P4_11	15	GTGAAAC
Gf_QB27P3_11	15	GTGGCCGAC
Gf_QB23P2_07	15	GTTTCG
Gf_VR6P1_03	15	CGTACG
Gf_QB23P4_10	15	GAGTGGAC
Gf_VR6P2_05	15	ACTGATC
Gf_QB23P3_11	15	ATTCCTC
Gf_VR11P1_06	16	CGATGTGAC
Gf_QB23P2_09	16	TTAGGCAC
Gf_QB27P2_04	16	TGACCAC
Gf_QB24P3_11	16	ACAGTGAC
Gf_VR11P3_09	16	GCCAAT
Gf_VR6P4_11	16	CAGATC
Gf_QB27P0_10	16	ACTTGAGAC
Gf_VR11P1_12	16	GATCAGGAC
Gf_QB24P4_09	16	TAGCTTAC
Gf_VR6P0_11	16	GGCTACC
Gf_VR6P4_12	16	CTTGTAGAC
Gf_VR6P3_09	16	AGTCAAC
Gf_QB27P3_12	16	AGTTCC
Gf_QB27P1_10	16	ATGTCAGAC
Gf_QB24P1_10	16	CCGTCCAC
Gf_QB27P2_06	16	GTCCGCAC
Gf_VR6P2_09	16	GTGAAAC
Gf_QB23P2_12	16	GTGGCCGAC
Gf_QB23P2_10	16	GTTTCG
Gf_VR6P2_10	16	CGTACG
Gf_VR11P1_07	16	GAGTGGAC
Gf_QB27P2_07	16	ACTGATC
Gf_QB27P2_08	16	ATTCCTC
