id	p7_barcode	p7_spacer	fq1	fq2
1	ATCACG	0	libraries/Gammarus/NG-6785_Gammarus_Lane1_index1_lib78977_3798_3_R1_001.fastq.gz	libraries/Gammarus/NG-6785_Gammarus_Lane1_index1_lib78977_3798_3_R2_001.fastq.gz
2	ACTTGA	1	libraries/Gammarus/NG-6785_Gammarus_Lane1_index8_lib79035_3798_3_R1_001.fastq.gz	libraries/Gammarus/NG-6785_Gammarus_Lane1_index8_lib79035_3798_3_R2_001.fastq.gz
3	TAGCTT	2	libraries/Gammarus/NG-6785_Gammarus_Lane1_index10_lib79036_3798_3_R1_001.fastq.gz	libraries/Gammarus/NG-6785_Gammarus_Lane1_index10_lib79036_3798_3_R2_001.fastq.gz
4	GGCTAC	3	libraries/Gammarus/NG-6785_Gammarus_Lane1_index11_lib79037_3798_3_R1_001.fastq.gz	libraries/Gammarus/NG-6785_Gammarus_Lane1_index11_lib79037_3798_3_R2_001.fastq.gz
5	ATCACG	0	libraries/Gammarus/NG-9759_Gammarus_Lane2_index01_lib126698_4710_7_R1_001.fastq.gz	libraries/Gammarus/NG-9759_Gammarus_Lane2_index01_lib126698_4710_7_R2_001.fastq.gz
6	ACTTGA	1	libraries/Gammarus/NG-9759_Gammarus_Lane2_index08_lib127853_4710_7_R1_001.fastq.gz	libraries/Gammarus/NG-9759_Gammarus_Lane2_index08_lib127853_4710_7_R2_001.fastq.gz
7	TAGCTT	2	libraries/Gammarus/NG-9759_Gammarus_Lane2_index10_lib127854_4710_7_R1_001.fastq.gz	libraries/Gammarus/NG-9759_Gammarus_Lane2_index10_lib127854_4710_7_R2_001.fastq.gz
8	GGCTAC	3	libraries/Gammarus/NG-9759_Gammarus_Lane2_index11_lib127855_4710_7_R1_001.fastq.gz	libraries/Gammarus/NG-9759_Gammarus_Lane2_index11_lib127855_4710_7_R2_001.fastq.gz
9	ATCACG	0	libraries/Gammarus/NG-9759_Gammarus_Lane3_index01_lib126699_4710_8_R1_001.fastq.gz	libraries/Gammarus/NG-9759_Gammarus_Lane3_index01_lib126699_4710_8_R2_001.fastq.gz
10	ACTTGA	1	libraries/Gammarus/NG-9759_Gammarus_Lane3_index08_lib127856_4710_8_R1_001.fastq.gz	libraries/Gammarus/NG-9759_Gammarus_Lane3_index08_lib127856_4710_8_R2_001.fastq.gz
11	TAGCTT	2	libraries/Gammarus/NG-9759_Gammarus_Lane3_index10_lib127857_4710_8_R1_001.fastq.gz	libraries/Gammarus/NG-9759_Gammarus_Lane3_index10_lib127857_4710_8_R2_001.fastq.gz
12	GGCTAC	3	libraries/Gammarus/NG-9759_Gammarus_Lane3_index11_lib127858_4710_8_R1_001.fastq.gz	libraries/Gammarus/NG-9759_Gammarus_Lane3_index11_lib127858_4710_8_R2_001.fastq.gz
13	ATCACG	0	libraries/Gammarus/NG-18294_Gf_pool_1_lib304443_6231_3_1.fastq.gz	libraries/Gammarus/NG-18294_Gf_pool_1_lib304443_6231_3_2.fastq.gz
14	ACTTGA	1	libraries/Gammarus/NG-18294_Gf_pool_2_lib304555_6231_3_1.fastq.gz	libraries/Gammarus/NG-18294_Gf_pool_2_lib304555_6231_3_2.fastq.gz
15	TAGCTT	2	libraries/Gammarus/NG-18294_Gf_pool_3_lib304556_6231_3_1.fastq.gz	libraries/Gammarus/NG-18294_Gf_pool_3_lib304556_6231_3_2.fastq.gz
16	GGCTAC	3	libraries/Gammarus/NG-18294_Gf_pool_4_lib304557_6231_3_1.fastq.gz	libraries/Gammarus/NG-18294_Gf_pool_4_lib304557_6231_3_2.fastq.gz
